input_curvature,geometry,edge_weight_variance,mi_stats,distance_stats,gromov_delta_range,mean_distance_range,filename
3.0,hyperbolic,,"{'mean_mi': np.float64(0.10000000000000002), 'std_mi': np.float64(1.3877787807814457e-17), 'max_mi': np.float64(0.1), 'min_mi': np.float64(0.1), 'mi_range': np.float64(0.0), 'mi_variance': np.float64(1.925929944387236e-34)}","{'mean_distance': np.float64(2.0), 'std_distance': np.float64(0.0), 'max_distance': np.float64(2.0), 'min_distance': np.float64(2.0), 'distance_range': np.float64(0.0), 'distance_variance': np.float64(0.0)}",[],[],results_n3_geomH_curv3_ibm_brisbane_1LIOWM.json
3.0,hyperbolic,,"{'mean_mi': np.float64(0.10000000000000002), 'std_mi': np.float64(1.3877787807814457e-17), 'max_mi': np.float64(0.1), 'min_mi': np.float64(0.1), 'mi_range': np.float64(0.0), 'mi_variance': np.float64(1.925929944387236e-34)}","{'mean_distance': np.float64(2.0), 'std_distance': np.float64(0.0), 'max_distance': np.float64(2.0), 'min_distance': np.float64(2.0), 'distance_range': np.float64(0.0), 'distance_variance': np.float64(0.0)}",[],[],results_n3_geomH_curv3_ibm_brisbane_2PYYBE.json
3.0,hyperbolic,,"{'mean_mi': np.float64(0.10000000000000002), 'std_mi': np.float64(1.3877787807814457e-17), 'max_mi': np.float64(0.1), 'min_mi': np.float64(0.1), 'mi_range': np.float64(0.0), 'mi_variance': np.float64(1.925929944387236e-34)}","{'mean_distance': np.float64(2.0), 'std_distance': np.float64(0.0), 'max_distance': np.float64(2.0), 'min_distance': np.float64(2.0), 'distance_range': np.float64(0.0), 'distance_variance': np.float64(0.0)}",[],[],results_n3_geomH_curv3_ibm_brisbane_8YOIYA.json
3.0,hyperbolic,,"{'mean_mi': np.float64(0.10000000000000002), 'std_mi': np.float64(1.3877787807814457e-17), 'max_mi': np.float64(0.1), 'min_mi': np.float64(0.1), 'mi_range': np.float64(0.0), 'mi_variance': np.float64(1.925929944387236e-34)}","{'mean_distance': np.float64(2.0), 'std_distance': np.float64(0.0), 'max_distance': np.float64(2.0), 'min_distance': np.float64(2.0), 'distance_range': np.float64(0.0), 'distance_variance': np.float64(0.0)}",[],[],results_n3_geomH_curv3_ibm_brisbane_BYOK2P.json
3.0,hyperbolic,,"{'mean_mi': np.float64(0.10000000000000002), 'std_mi': np.float64(1.3877787807814457e-17), 'max_mi': np.float64(0.1), 'min_mi': np.float64(0.1), 'mi_range': np.float64(0.0), 'mi_variance': np.float64(1.925929944387236e-34)}","{'mean_distance': np.float64(2.0), 'std_distance': np.float64(0.0), 'max_distance': np.float64(2.0), 'min_distance': np.float64(2.0), 'distance_range': np.float64(0.0), 'distance_variance': np.float64(0.0)}",[],[],results_n3_geomH_curv3_ibm_brisbane_H7NAXF.json
3.0,hyperbolic,,"{'mean_mi': np.float64(0.10000000000000002), 'std_mi': np.float64(1.3877787807814457e-17), 'max_mi': np.float64(0.1), 'min_mi': np.float64(0.1), 'mi_range': np.float64(0.0), 'mi_variance': np.float64(1.925929944387236e-34)}","{'mean_distance': np.float64(2.0), 'std_distance': np.float64(0.0), 'max_distance': np.float64(2.0), 'min_distance': np.float64(2.0), 'distance_range': np.float64(0.0), 'distance_variance': np.float64(0.0)}",[],[],results_n3_geomH_curv3_ibm_brisbane_IWQ7M1.json
3.0,hyperbolic,,"{'mean_mi': np.float64(0.8369201265808606), 'std_mi': np.float64(2.460089888041177e-15), 'max_mi': np.float64(0.8369201265808623), 'min_mi': np.float64(0.8369201265808571), 'mi_range': np.float64(5.218048215738236e-15), 'mi_variance': np.float64(6.05204225724245e-30)}","{'mean_distance': np.float64(0.17802664126502843), 'std_distance': np.float64(2.9439233600320783e-15), 'max_distance': np.float64(0.1780266412650326), 'min_distance': np.float64(0.17802664126502635), 'distance_range': np.float64(6.2450045135165055e-15), 'distance_variance': np.float64(8.666684749742561e-30)}",[],[],results_n3_geomH_curv3_simulator_EIIZZY.json
3.0,hyperbolic,,"{'mean_mi': np.float64(0.007081977878107259), 'std_mi': np.float64(0.00642033563560791), 'max_mi': np.float64(0.019077918605384138), 'min_mi': np.float64(0.0006146824470596359), 'mi_range': np.float64(0.0184632361583245), 'mi_variance': np.float64(4.122070967385683e-05)}","{'mean_distance': np.float64(6.539937630445656), 'std_distance': np.float64(2.145874220198566), 'max_distance': np.float64(10.649441314286733), 'min_distance': np.float64(3.959223706680627), 'distance_range': np.float64(6.690217607606106), 'distance_variance': np.float64(4.604776168912804)}",[],[],results_n4_geomH_curv3_ibm_brisbane_QA9AQE.json
10.0,hyperbolic,,{},"{'mean_distance': np.float64(3.684136148790472), 'std_distance': np.float64(1.128031713434873), 'max_distance': np.float64(4.605170185988091), 'min_distance': np.float64(2.3025850929940455), 'distance_range': np.float64(2.3025850929940455), 'distance_variance': np.float64(1.2724555465148155)}",[],[],results_n5_geomH_curv100_ibm_3FQ2KC.json
10.0,hyperbolic,,{},"{'mean_distance': np.float64(2.0), 'std_distance': np.float64(0.0), 'max_distance': np.float64(2.0), 'min_distance': np.float64(2.0), 'distance_range': np.float64(0.0), 'distance_variance': np.float64(0.0)}",[],[],results_n5_geomH_curv100_ibm_4K9SOI.json
10.0,hyperbolic,,"{'mean_mi': np.float64(0.10000000000000003), 'std_mi': np.float64(2.7755575615628914e-17), 'max_mi': np.float64(0.1), 'min_mi': np.float64(0.1), 'mi_range': np.float64(0.0), 'mi_variance': np.float64(7.703719777548943e-34)}","{'mean_distance': np.float64(2.0), 'std_distance': np.float64(0.0), 'max_distance': np.float64(2.0), 'min_distance': np.float64(2.0), 'distance_range': np.float64(0.0), 'distance_variance': np.float64(0.0)}",[],[],results_n5_geomH_curv100_ibm_UA4KJC.json
1.0,hyperbolic,,"{'mean_mi': np.float64(0.2827009294967257), 'std_mi': np.float64(0.23496250404710928), 'max_mi': np.float64(0.9480774250543582), 'min_mi': np.float64(0.06635653836426447), 'mi_range': np.float64(0.8817208866900937), 'mi_variance': np.float64(0.05520737830808784)}","{'mean_distance': np.float64(1.7367665157337577), 'std_distance': np.float64(0.7729249430364907), 'max_distance': np.float64(2.7463065270626794), 'min_distance': np.float64(0.5174017920188225), 'distance_range': np.float64(2.228904735043857), 'distance_variance': np.float64(0.5974129675679625)}",[],[],results_n5_geomH_curv1_simulator_N1LBWY.json
3.0,hyperbolic,,"{'mean_mi': np.float64(0.1), 'std_mi': np.float64(0.0), 'max_mi': np.float64(0.1), 'min_mi': np.float64(0.1), 'mi_range': np.float64(0.0), 'mi_variance': np.float64(0.0)}","{'mean_distance': np.float64(2.0), 'std_distance': np.float64(0.0), 'max_distance': np.float64(2.0), 'min_distance': np.float64(2.0), 'distance_range': np.float64(0.0), 'distance_variance': np.float64(0.0)}",[],[],results_n5_geomH_curv3_ibm_brisbane_R7K50J.json
3.0,hyperbolic,,"{'mean_mi': np.float64(0.23736788530673314), 'std_mi': np.float64(0.22661828401481052), 'max_mi': np.float64(0.6874916525280543), 'min_mi': np.float64(1.0438408766688667e-05), 'mi_range': np.float64(0.6874812141192876), 'mi_variance': np.float64(0.05135584664981733)}","{'mean_distance': np.float64(1.8826324303932414), 'std_distance': np.float64(1.0572910101342425), 'max_distance': np.float64(3.1677653961510845), 'min_distance': np.float64(0.3747055912924982), 'distance_range': np.float64(2.7930598048585864), 'distance_variance': np.float64(1.117864280110687)}",[],[],results_n5_geomH_curv3_simulator_50Z70Q.json
3.0,hyperbolic,,"{'mean_mi': np.float64(0.21669449509680336), 'std_mi': np.float64(0.19628511223352224), 'max_mi': np.float64(0.6874916525280543), 'min_mi': np.float64(1.0438408766688667e-05), 'mi_range': np.float64(0.6874812141192876), 'mi_variance': np.float64(0.03852784528452642)}","{'mean_distance': np.float64(1.8826324303932414), 'std_distance': np.float64(1.0572910101342425), 'max_distance': np.float64(3.1677653961510845), 'min_distance': np.float64(0.3747055912924982), 'distance_range': np.float64(2.7930598048585864), 'distance_variance': np.float64(1.117864280110687)}",[],[],results_n5_geomH_curv3_simulator_8VTYQA.json
5.0,hyperbolic,,"{'mean_mi': np.float64(0.38814919640815326), 'std_mi': np.float64(0.12462612885856768), 'max_mi': np.float64(0.6489605874928821), 'min_mi': np.float64(0.2171825648745731), 'mi_range': np.float64(0.431778022618309), 'mi_variance': np.float64(0.015531671994272314)}","{'mean_distance': np.float64(1.0794047497343497), 'std_distance': np.float64(0.4668224920680859), 'max_distance': np.float64(1.9342214620111766), 'min_distance': np.float64(0.43238329217618077), 'distance_range': np.float64(1.5018381698349959), 'distance_variance': np.float64(0.2179232391006581)}",[],[],results_n5_geomH_curv5_simulator_4XLDWS.json
5.0,hyperbolic,,"{'mean_mi': np.float64(0.38814919640815326), 'std_mi': np.float64(0.12462612885856768), 'max_mi': np.float64(0.6489605874928821), 'min_mi': np.float64(0.2171825648745731), 'mi_range': np.float64(0.431778022618309), 'mi_variance': np.float64(0.015531671994272314)}","{'mean_distance': np.float64(1.0794047497343497), 'std_distance': np.float64(0.4668224920680859), 'max_distance': np.float64(1.9342214620111766), 'min_distance': np.float64(0.43238329217618077), 'distance_range': np.float64(1.5018381698349959), 'distance_variance': np.float64(0.2179232391006581)}",[],[],results_n5_geomH_curv5_simulator_K85LEU.json
5.0,hyperbolic,,"{'mean_mi': np.float64(0.38814919640815326), 'std_mi': np.float64(0.12462612885856768), 'max_mi': np.float64(0.6489605874928821), 'min_mi': np.float64(0.2171825648745731), 'mi_range': np.float64(0.431778022618309), 'mi_variance': np.float64(0.015531671994272314)}","{'mean_distance': np.float64(1.0794047497343497), 'std_distance': np.float64(0.4668224920680859), 'max_distance': np.float64(1.9342214620111766), 'min_distance': np.float64(0.43238329217618077), 'distance_range': np.float64(1.5018381698349959), 'distance_variance': np.float64(0.2179232391006581)}",[],[],results_n5_geomH_curv5_simulator_OEMJUF.json
1.0,euclidean,,"{'mean_mi': np.float64(0.0), 'std_mi': np.float64(0.0), 'max_mi': np.float64(0.0), 'min_mi': np.float64(0.0), 'mi_range': np.float64(0.0), 'mi_variance': np.float64(0.0)}","{'mean_distance': np.float64(26.31525820564623), 'std_distance': np.float64(8.057369381677665), 'max_distance': np.float64(46.051701859880914), 'min_distance': np.float64(23.025850929940457), 'distance_range': np.float64(23.025850929940457), 'distance_variance': np.float64(64.92120135279671)}",[],[],results_n7_geomE_curv10_ibm_37OW76.json
0.5,hyperbolic,,"{'mean_mi': np.float64(0.0), 'std_mi': np.float64(0.0), 'max_mi': np.float64(0.0), 'min_mi': np.float64(0.0), 'mi_range': np.float64(0.0), 'mi_variance': np.float64(0.0)}","{'mean_distance': np.float64(26.31525820564623), 'std_distance': np.float64(8.057369381677665), 'max_distance': np.float64(46.051701859880914), 'min_distance': np.float64(23.025850929940457), 'distance_range': np.float64(23.025850929940457), 'distance_variance': np.float64(64.92120135279671)}",[],[],results_n7_geomH_curv05_ibm_24S9YO.json
0.5,hyperbolic,,{},{},[],[],results_n7_geomH_curv05_ibm_5PBIAW.json
0.5,hyperbolic,,"{'mean_mi': np.float64(0.0020039713082549036), 'std_mi': np.float64(0.009406249337355177), 'max_mi': np.float64(0.07209424656477223), 'min_mi': np.float64(2.623428912175679e-08), 'mi_range': np.float64(0.07209422033048311), 'mi_variance': np.float64(8.847752659649471e-05)}","{'mean_distance': np.float64(8.784896267362551), 'std_distance': np.float64(3.1717225625643657), 'max_distance': np.float64(14.688282252804145), 'min_distance': np.float64(2.6297810358673264), 'distance_range': np.float64(12.058501216936818), 'distance_variance': np.float64(10.059824013879867)}",[],[],results_n7_geomH_curv05_ibm_60JXA8.json
0.5,hyperbolic,,{},{},[],[],results_n7_geomH_curv05_ibm_A813WJ.json
0.5,hyperbolic,,{},{},[],[],results_n7_geomH_curv05_ibm_A9WL9J.json
0.5,hyperbolic,,{},{},[],[],results_n7_geomH_curv05_ibm_NZZ5N2.json
10.0,hyperbolic,,"{'mean_mi': np.float64(0.08704092338837058), 'std_mi': np.float64(0.18168362163182025), 'max_mi': np.float64(1.0432628012090173), 'min_mi': np.float64(7.059892878302776e-06), 'mi_range': np.float64(1.043255741316139), 'mi_variance': np.float64(0.03300893836925442)}","{'mean_distance': np.float64(4.90985096800929), 'std_distance': np.float64(2.2491716115084595), 'max_distance': np.float64(8.6595009747948), 'min_distance': np.float64(0.10774936423712006), 'distance_range': np.float64(8.55175161055768), 'distance_variance': np.float64(5.05877293801556)}",[],[],results_n7_geomH_curv100_sim_1DXRKY.json
10.0,hyperbolic,,{},{},[],[],results_n7_geomH_curv100_sim_6VQD8L.json
10.0,hyperbolic,,{},{},[],[],results_n7_geomH_curv100_sim_HDTHKM.json
10.0,hyperbolic,,{},{},[],[],results_n7_geomH_curv100_sim_U2X8IM.json
1.0,hyperbolic,,{},{},[],[],results_n7_geomH_curv10_ibm_6U9DD0.json
1.0,hyperbolic,,{},{},[],[],results_n7_geomH_curv10_ibm_J8HO4H.json
1.0,hyperbolic,,{},{},[],[],results_n7_geomH_curv10_ibm_SG1N7V.json
1.0,hyperbolic,,{},{},[],[],results_n7_geomH_curv10_ibm_TIRQVW.json
11.0,hyperbolic,,{},"{'mean_distance': np.float64(7.3009798530660115), 'std_distance': np.float64(2.395092876560993), 'max_distance': np.float64(10.955184374544723), 'min_distance': np.float64(4.440763002158989), 'distance_range': np.float64(6.514421372385734), 'distance_variance': np.float64(5.736469887353214)}",[],[],results_n7_geomH_curv11_ibm_brisbane_AJI0Y6.json
11.0,hyperbolic,,{},"{'mean_distance': np.float64(8.431911534373652), 'std_distance': np.float64(1.2519042482700997), 'max_distance': np.float64(11.344540901656767), 'min_distance': np.float64(6.589701486061217), 'distance_range': np.float64(4.7548394155955505), 'distance_variance': np.float64(1.5672642468367233)}",[],[],results_n7_geomH_curv11_ibm_brisbane_BKIKAQ.json
11.0,hyperbolic,,"{'mean_mi': np.float64(0.09999999999999998), 'std_mi': np.float64(2.7755575615628914e-17), 'max_mi': np.float64(0.1), 'min_mi': np.float64(0.1), 'mi_range': np.float64(0.0), 'mi_variance': np.float64(7.703719777548943e-34)}","{'mean_distance': np.float64(2.0), 'std_distance': np.float64(0.0), 'max_distance': np.float64(2.0), 'min_distance': np.float64(2.0), 'distance_range': np.float64(0.0), 'distance_variance': np.float64(0.0)}",[],[],results_n7_geomH_curv11_ibm_brisbane_NFG1GW.json
11.0,hyperbolic,,{},"{'mean_distance': np.float64(7.800165763007512), 'std_distance': np.float64(1.8042887059858501), 'max_distance': np.float64(12.199466846589145), 'min_distance': np.float64(5.108890301276297), 'distance_range': np.float64(7.090576545312848), 'distance_variance': np.float64(3.2554577345480933)}",[],[],results_n7_geomH_curv11_ibm_brisbane_NWHEWI.json
11.0,hyperbolic,,"{'mean_mi': np.float64(0.09999999999999998), 'std_mi': np.float64(2.7755575615628914e-17), 'max_mi': np.float64(0.1), 'min_mi': np.float64(0.1), 'mi_range': np.float64(0.0), 'mi_variance': np.float64(7.703719777548943e-34)}","{'mean_distance': np.float64(2.0), 'std_distance': np.float64(0.0), 'max_distance': np.float64(2.0), 'min_distance': np.float64(2.0), 'distance_range': np.float64(0.0), 'distance_variance': np.float64(0.0)}",[],[],results_n7_geomH_curv11_ibm_brisbane_P106NG.json
12.0,hyperbolic,,{},{},[],[],results_n7_geomH_curv12_ibm_brisbane_2LY1M6.json
12.0,hyperbolic,,{},{},[],[],results_n7_geomH_curv12_ibm_brisbane_AO6PDR.json
12.0,hyperbolic,,"{'mean_mi': np.float64(0.10181085420647139), 'std_mi': np.float64(0.003038848344330223), 'max_mi': np.float64(0.10936729988736735), 'min_mi': np.float64(0.1), 'mi_range': np.float64(0.009367299887367342), 'mi_variance': np.float64(9.234599259838538e-06)}","{'mean_distance': np.float64(1998850.8913075307), 'std_distance': np.float64(1033847.4198374964), 'max_distance': np.float64(4113251.992102834), 'min_distance': np.float64(27603.28575095127), 'distance_range': np.float64(4085648.706351883), 'distance_variance': np.float64(1068840487504.6484)}",[],[],results_n7_geomH_curv12_ibm_brisbane_B7HGPX.json
12.0,hyperbolic,,{},{},[],[],results_n7_geomH_curv12_ibm_brisbane_DTVZWQ.json
12.0,hyperbolic,,{},{},[],[],results_n7_geomH_curv12_ibm_brisbane_J9B1F4.json
12.0,hyperbolic,,"{'mean_mi': np.float64(0.10181085420647139), 'std_mi': np.float64(0.003038848344330223), 'max_mi': np.float64(0.10936729988736735), 'min_mi': np.float64(0.1), 'mi_range': np.float64(0.009367299887367342), 'mi_variance': np.float64(9.234599259838538e-06)}","{'mean_distance': np.float64(1998850.8913075307), 'std_distance': np.float64(1033847.4198374964), 'max_distance': np.float64(4113251.992102834), 'min_distance': np.float64(27603.28575095127), 'distance_range': np.float64(4085648.706351883), 'distance_variance': np.float64(1068840487504.6484)}",[],[],results_n7_geomH_curv12_ibm_brisbane_N9E9C6.json
12.0,hyperbolic,,{},{},[],[],results_n7_geomH_curv12_ibm_brisbane_O9OGP1.json
12.0,hyperbolic,,{},{},[],[],results_n7_geomH_curv12_ibm_brisbane_RTXYYO.json
12.0,hyperbolic,,{},{},[],[],results_n7_geomH_curv12_ibm_brisbane_X98JKF.json
12.0,hyperbolic,,"{'mean_mi': np.float64(0.09999999999999998), 'std_mi': np.float64(2.7755575615628914e-17), 'max_mi': np.float64(0.1), 'min_mi': np.float64(0.1), 'mi_range': np.float64(0.0), 'mi_variance': np.float64(7.703719777548943e-34)}","{'mean_distance': np.float64(1998850.8913075307), 'std_distance': np.float64(1033847.4198374964), 'max_distance': np.float64(4113251.992102834), 'min_distance': np.float64(27603.28575095127), 'distance_range': np.float64(4085648.706351883), 'distance_variance': np.float64(1068840487504.6484)}",[],[],results_n7_geomH_curv12_ibm_brisbane_ZW7YZA.json
12.0,hyperbolic,,{},{},[],[],results_n7_geomH_curv12_simulator_07INLB.json
12.0,hyperbolic,,{},{},[],[],results_n7_geomH_curv12_simulator_2N39IS.json
12.0,hyperbolic,,{},{},[],[],results_n7_geomH_curv12_simulator_3Z11OO.json
12.0,hyperbolic,,{},{},[],[],results_n7_geomH_curv12_simulator_9ADYHS.json
12.0,hyperbolic,,{},{},[],[],results_n7_geomH_curv12_simulator_G4D4T2.json
12.0,hyperbolic,,{},{},[],[],results_n7_geomH_curv12_simulator_GL8XEE.json
12.0,hyperbolic,,"{'mean_mi': np.float64(0.14575227208365765), 'std_mi': np.float64(0.2291024889309814), 'max_mi': np.float64(0.9582548830967008), 'min_mi': np.float64(2.220446049250313e-15), 'mi_range': np.float64(0.9582548830966986), 'mi_variance': np.float64(0.05248795043437045)}","{'mean_distance': np.float64(2.524960898055221), 'std_distance': np.float64(1.5706985888518405), 'max_distance': np.float64(4.973521723911758), 'min_distance': np.float64(0.17970165326454718), 'distance_range': np.float64(4.793820070647211), 'distance_variance': np.float64(2.4670940570211632)}",[],[],results_n7_geomH_curv12_simulator_HRRGVY.json
12.0,hyperbolic,,{},{},[],[],results_n7_geomH_curv12_simulator_OLW52P.json
12.0,hyperbolic,,{},{},[],[],results_n7_geomH_curv12_simulator_ZHDIUB.json
13.0,hyperbolic,,{},{},[],[],results_n7_geomH_curv13_ibm_brisbane_0TU7YU.json
13.0,hyperbolic,,{},{},[],[],results_n7_geomH_curv13_ibm_brisbane_18O9BU.json
13.0,hyperbolic,,"{'mean_mi': np.float64(0.09999999999999998), 'std_mi': np.float64(2.7755575615628914e-17), 'max_mi': np.float64(0.1), 'min_mi': np.float64(0.1), 'mi_range': np.float64(0.0), 'mi_variance': np.float64(7.703719777548943e-34)}","{'mean_distance': np.float64(115895093.0152171), 'std_distance': np.float64(180714945.14175034), 'max_distance': np.float64(588408582.2700831), 'min_distance': np.float64(0.04999999999995458), 'distance_range': np.float64(588408582.2200831), 'distance_variance': np.float64(3.2657891397585836e+16)}",[],[],results_n7_geomH_curv13_ibm_brisbane_KET9WR.json
13.0,hyperbolic,,{},{},[],[],results_n7_geomH_curv13_ibm_brisbane_N1C2HG.json
13.0,hyperbolic,,"{'mean_mi': np.float64(0.10444181827394873), 'std_mi': np.float64(0.0030805056728083666), 'max_mi': np.float64(0.10986886936600518), 'min_mi': np.float64(0.10005522117123603), 'mi_range': np.float64(0.009813648194769153), 'mi_variance': np.float64(9.489515200204527e-06)}","{'mean_distance': np.float64(115895093.0152171), 'std_distance': np.float64(180714945.14175034), 'max_distance': np.float64(588408582.2700831), 'min_distance': np.float64(0.04999999999995458), 'distance_range': np.float64(588408582.2200831), 'distance_variance': np.float64(3.2657891397585836e+16)}",[],[],results_n7_geomH_curv13_ibm_brisbane_OD1J56.json
13.0,hyperbolic,,"{'mean_mi': np.float64(0.10119234409150868), 'std_mi': np.float64(0.002531947528199758), 'max_mi': np.float64(0.10985650454110601), 'min_mi': np.float64(0.1), 'mi_range': np.float64(0.00985650454110601), 'mi_variance': np.float64(6.410758285556865e-06)}","{'mean_distance': np.float64(2.0), 'std_distance': np.float64(0.0), 'max_distance': np.float64(2.0), 'min_distance': np.float64(2.0), 'distance_range': np.float64(0.0), 'distance_variance': np.float64(0.0)}",[],[],results_n7_geomH_curv13_ibm_brisbane_TPWZFP.json
13.0,hyperbolic,,{},{},[],[],results_n7_geomH_curv13_ibm_brisbane_WBWTPU.json
13.0,hyperbolic,,"{'mean_mi': np.float64(0.09684545474828243), 'std_mi': np.float64(0.1485402593899851), 'max_mi': np.float64(0.792458087592854), 'min_mi': np.float64(0.0001122517013179003), 'mi_range': np.float64(0.7923458358915361), 'mi_variance': np.float64(0.02206420865964406)}","{'mean_distance': np.float64(2.825508892323173), 'std_distance': np.float64(1.3868132418524373), 'max_distance': np.float64(5.014189505580186), 'min_distance': np.float64(0.23261566094739736), 'distance_range': np.float64(4.7815738446327885), 'distance_variance': np.float64(1.9232509677772667)}",[],[],results_n7_geomH_curv13_simulator_U93E8M.json
13.0,hyperbolic,,{},{},[],[],results_n7_geomH_curv13_simulator_WAOQ61.json
14.0,hyperbolic,,"{'mean_mi': np.float64(0.10219986131018982), 'std_mi': np.float64(0.0030741148872198113), 'max_mi': np.float64(0.1096563203307456), 'min_mi': np.float64(0.1), 'mi_range': np.float64(0.009656320330745594), 'mi_variance': np.float64(9.450182339826473e-06)}","{'mean_distance': np.float64(2.0), 'std_distance': np.float64(0.0), 'max_distance': np.float64(2.0), 'min_distance': np.float64(2.0), 'distance_range': np.float64(0.0), 'distance_variance': np.float64(0.0)}",[],[],results_n7_geomH_curv14_ibm_brisbane_ECQ4HC.json
14.0,hyperbolic,,"{'mean_mi': np.float64(0.1752987862715941), 'std_mi': np.float64(0.1126262854334674), 'max_mi': np.float64(0.4375328178657356), 'min_mi': np.float64(0.06518811708280259), 'mi_range': np.float64(0.372344700782933), 'mi_variance': np.float64(0.012684680170540868)}","{'mean_distance': np.float64(1.8487133666006828), 'std_distance': np.float64(0.7884780071366659), 'max_distance': np.float64(3.819039823588324), 'min_distance': np.float64(0.8266035637332086), 'distance_range': np.float64(2.9924362598551153), 'distance_variance': np.float64(0.6216975677382083)}",[],[],results_n7_geomH_curv14_simulator_OJ2EY6.json
1.5,hyperbolic,,{},{},[],[],results_n7_geomH_curv15_ibm_FBFXKJ.json
1.5,hyperbolic,,{},{},[],[],results_n7_geomH_curv15_ibm_K2E2G5.json
1.5,hyperbolic,,{},{},[],[],results_n7_geomH_curv15_ibm_V0SFHQ.json
1.5,hyperbolic,,{},{},[],[],results_n7_geomH_curv15_ibm_ZHSGNZ.json
16.0,hyperbolic,,{},{},[],[],results_n7_geomH_curv16_ibm_brisbane_3JSJCI.json
16.0,hyperbolic,,"{'mean_mi': np.float64(0.09999999999999998), 'std_mi': np.float64(2.7755575615628914e-17), 'max_mi': np.float64(0.1), 'min_mi': np.float64(0.1), 'mi_range': np.float64(0.0), 'mi_variance': np.float64(7.703719777548943e-34)}","{'mean_distance': np.float64(0.0052654580503721194), 'std_distance': np.float64(0.0028879601107507785), 'max_distance': np.float64(0.009275772881973164), 'min_distance': np.float64(0.00024052344284503435), 'distance_range': np.float64(0.00903524943912813), 'distance_variance': np.float64(8.340313601287648e-06)}",[],[],results_n7_geomH_curv16_ibm_brisbane_IHJ8W4.json
17.0,hyperbolic,,{},{},[],[],results_n7_geomH_curv17_ibm_brisbane_8UYNOJ.json
17.0,hyperbolic,,{},{},[],[],results_n7_geomH_curv17_ibm_brisbane_E7GZGC.json
17.0,hyperbolic,,{},{},[],[],results_n7_geomH_curv17_ibm_brisbane_EQG3HS.json
2.0,hyperbolic,,{},{},[],[],results_n7_geomH_curv20_ibm_2IL18F.json
2.0,hyperbolic,,{},{},[],[],results_n7_geomH_curv20_ibm_HUL7IR.json
2.0,hyperbolic,,{},{},[],[],results_n7_geomH_curv20_ibm_IMUTH4.json
2.0,hyperbolic,,{},{},[],[],results_n7_geomH_curv20_ibm_WLZJNK.json
2.5,hyperbolic,,{},{},[],[],results_n7_geomH_curv25_ibm_6THAW5.json
2.5,hyperbolic,,{},{},[],[],results_n7_geomH_curv25_ibm_BR9RDF.json
2.5,hyperbolic,,{},{},[],[],results_n7_geomH_curv25_ibm_FXV38R.json
2.5,hyperbolic,,{},{},[],[],results_n7_geomH_curv25_ibm_P86UK1.json
2.5,hyperbolic,,{},{},[],[],results_n7_geomH_curv25_ibm_WPVGD5.json
2.5,hyperbolic,,{},{},[],[],results_n7_geomH_curv25_sim_GRRAFN.json
3.0,hyperbolic,,{},{},[],[],results_n7_geomH_curv30_ibm_DDKN75.json
3.0,hyperbolic,,{},{},[],[],results_n7_geomH_curv30_ibm_M618I1.json
3.0,hyperbolic,,{},{},[],[],results_n7_geomH_curv30_ibm_P0P7HR.json
3.0,hyperbolic,,{},{},[],[],results_n7_geomH_curv30_ibm_XB95FH.json
3.0,hyperbolic,,{},{},[],[],results_n7_geomH_curv3_ibm_brisbane_2HZKMH.json
3.0,hyperbolic,,"{'mean_mi': np.float64(0.09999999999999998), 'std_mi': np.float64(2.7755575615628914e-17), 'max_mi': np.float64(0.1), 'min_mi': np.float64(0.1), 'mi_range': np.float64(0.0), 'mi_variance': np.float64(7.703719777548943e-34)}","{'mean_distance': np.float64(0.0011059011345841809), 'std_distance': np.float64(0.0002900202172189676), 'max_distance': np.float64(0.002000995228203358), 'min_distance': np.float64(0.0010015878718884954), 'distance_range': np.float64(0.0009994073563148625), 'distance_variance': np.float64(8.411172639573715e-08)}",[],[],results_n7_geomH_curv3_ibm_brisbane_5HTSMC.json
3.0,hyperbolic,,{},{},[],[],results_n7_geomH_curv3_ibm_brisbane_9NVSVG.json
3.0,hyperbolic,,"{'mean_mi': np.float64(0.09999999999999998), 'std_mi': np.float64(2.7755575615628914e-17), 'max_mi': np.float64(0.1), 'min_mi': np.float64(0.1), 'mi_range': np.float64(0.0), 'mi_variance': np.float64(7.703719777548943e-34)}","{'mean_distance': np.float64(0.0011059011345841809), 'std_distance': np.float64(0.0002900202172189676), 'max_distance': np.float64(0.002000995228203358), 'min_distance': np.float64(0.0010015878718884954), 'distance_range': np.float64(0.0009994073563148625), 'distance_variance': np.float64(8.411172639573715e-08)}",[],[],results_n7_geomH_curv3_ibm_brisbane_IQ5LMU.json
3.0,hyperbolic,,"{'mean_mi': np.float64(0.09999999999999998), 'std_mi': np.float64(2.7755575615628914e-17), 'max_mi': np.float64(0.1), 'min_mi': np.float64(0.1), 'mi_range': np.float64(0.0), 'mi_variance': np.float64(7.703719777548943e-34)}","{'mean_distance': np.float64(0.0011059011345841809), 'std_distance': np.float64(0.0002900202172189676), 'max_distance': np.float64(0.002000995228203358), 'min_distance': np.float64(0.0010015878718884954), 'distance_range': np.float64(0.0009994073563148625), 'distance_variance': np.float64(8.411172639573715e-08)}",[],[],results_n7_geomH_curv3_ibm_brisbane_Y4CW0U.json
5.0,hyperbolic,,{},{},[],[],results_n7_geomH_curv5_ibm_brisbane_8I9JUT.json
5.0,hyperbolic,,"{'mean_mi': np.float64(0.09999999999999998), 'std_mi': np.float64(2.7755575615628914e-17), 'max_mi': np.float64(0.1), 'min_mi': np.float64(0.1), 'mi_range': np.float64(0.0), 'mi_variance': np.float64(7.703719777548943e-34)}","{'mean_distance': np.float64(9.999999999998899e-05), 'std_distance': np.float64(0.0), 'max_distance': np.float64(9.999999999998899e-05), 'min_distance': np.float64(9.999999999998899e-05), 'distance_range': np.float64(0.0), 'distance_variance': np.float64(0.0)}",[],[],results_n7_geomH_curv5_ibm_brisbane_DUXTVJ.json
5.0,hyperbolic,,{},{},[],[],results_n7_geomH_curv5_ibm_brisbane_U3OP1W.json
5.0,hyperbolic,,{},{},[],[],results_n7_geomH_curv5_ibm_brisbane_ZF6I1V.json
6.0,hyperbolic,,{},{},[],[],results_n7_geomH_curv6_ibm_brisbane_GUEFW8.json
7.0,hyperbolic,,{},{},[],[],results_n7_geomH_curv7_ibm_brisbane_9LAYTG.json
7.0,hyperbolic,,{},{},[],[],results_n7_geomH_curv7_ibm_brisbane_EFNQY4.json
7.0,hyperbolic,,{},{},[],[],results_n7_geomH_curv7_ibm_brisbane_G1W8JI.json
7.0,hyperbolic,,{},{},[],[],results_n7_geomH_curv7_ibm_brisbane_TLPKFQ.json
7.0,hyperbolic,,{},{},[],[],results_n7_geomH_curv7_simulator_06HDYH.json
8.0,hyperbolic,,{},{},[],[],results_n7_geomH_curv80_ibm_TCYHNS.json
8.0,hyperbolic,,{},{},[],[],results_n7_geomH_curv8_simulator_E33J99.json
9.0,hyperbolic,,"{'mean_mi': np.float64(0.1), 'std_mi': np.float64(0.0), 'max_mi': np.float64(0.1), 'min_mi': np.float64(0.1), 'mi_range': np.float64(0.0), 'mi_variance': np.float64(0.0)}","{'mean_distance': np.float64(2.0), 'std_distance': np.float64(0.0), 'max_distance': np.float64(2.0), 'min_distance': np.float64(2.0), 'distance_range': np.float64(0.0), 'distance_variance': np.float64(0.0)}",[],[],results_n7_geomH_curv90_ibm_MG640G.json
9.0,hyperbolic,,"{'mean_mi': np.float64(0.1), 'std_mi': np.float64(0.0), 'max_mi': np.float64(0.1), 'min_mi': np.float64(0.1), 'mi_range': np.float64(0.0), 'mi_variance': np.float64(0.0)}","{'mean_distance': np.float64(2.0), 'std_distance': np.float64(0.0), 'max_distance': np.float64(2.0), 'min_distance': np.float64(2.0), 'distance_range': np.float64(0.0), 'distance_variance': np.float64(0.0)}",[],[],results_n7_geomH_curv90_ibm_YAW4X8.json
9.0,hyperbolic,,"{'mean_mi': np.float64(0.09042127101948812), 'std_mi': np.float64(0.19381749257651243), 'max_mi': np.float64(1.1234648075953646), 'min_mi': np.float64(9.265065850083687e-07), 'mi_range': np.float64(1.1234638810887796), 'mi_variance': np.float64(0.037565220428646455)}","{'mean_distance': np.float64(6.345262367800724), 'std_distance': np.float64(3.3522970045358473), 'max_distance': np.float64(12.123438146164732), 'min_distance': np.float64(0.05007626209607704), 'distance_range': np.float64(12.073361884068655), 'distance_variance': np.float64(11.237895206620015)}",[],[],results_n7_geomH_curv90_sim_IIG4PE.json
9.0,hyperbolic,,"{'mean_mi': np.float64(0.09042127101948812), 'std_mi': np.float64(0.19381749257651243), 'max_mi': np.float64(1.1234648075953646), 'min_mi': np.float64(9.265065850083687e-07), 'mi_range': np.float64(1.1234638810887796), 'mi_variance': np.float64(0.037565220428646455)}","{'mean_distance': np.float64(6.345262367800724), 'std_distance': np.float64(3.3522970045358473), 'max_distance': np.float64(12.123438146164732), 'min_distance': np.float64(0.05007626209607704), 'distance_range': np.float64(12.073361884068655), 'distance_variance': np.float64(11.237895206620015)}",[],[],results_n7_geomH_curv90_sim_J70DSX.json
12.0,spherical,,{},{},[],[],results_n10_geomS_curv12_ibm_brisbane_9R74W1.json
12.0,spherical,,"{'mean_mi': np.float64(0.09999999999999998), 'std_mi': np.float64(2.7755575615628914e-17), 'max_mi': np.float64(0.1), 'min_mi': np.float64(0.1), 'mi_range': np.float64(0.0), 'mi_variance': np.float64(7.703719777548943e-34)}","{'mean_distance': np.float64(2.0), 'std_distance': np.float64(0.0), 'max_distance': np.float64(2.0), 'min_distance': np.float64(2.0), 'distance_range': np.float64(0.0), 'distance_variance': np.float64(0.0)}",[],[],results_n10_geomS_curv12_ibm_brisbane_N53W6S.json
12.0,spherical,,{},{},[],[],results_n7_geomS_curv12_simulator_M5IS82.json
12.0,spherical,,"{'mean_mi': np.float64(0.1789367091337192), 'std_mi': np.float64(0.0941401696507471), 'max_mi': np.float64(0.4529636004029043), 'min_mi': np.float64(0.045627910638659674), 'mi_range': np.float64(0.4073356897642446), 'mi_variance': np.float64(0.008862371541871446)}","{'mean_distance': np.float64(1.7412228832918384), 'std_distance': np.float64(0.6370059912126788), 'max_distance': np.float64(3.369282887946497), 'min_distance': np.float64(1.0959855651630757), 'distance_range': np.float64(2.2732973227834212), 'distance_variance': np.float64(0.40577663284084736)}",[],[],results_n7_geomS_curv12_simulator_THN1LL.json
